{"cameraMode":{"drawMode":0,"name":"Shaded","section":"Shading Mode"},"sceneLighting":true,"audioPlay":false,"sceneViewState":{"m_AlwaysRefresh":true,"showFog":true,"showSkybox":true,"showFlares":true,"showImageEffects":true,"showParticleSystems":true,"showVisualEffectGraphs":true,"m_FxEnabled":true},"in2DMode":false,"pivot":{"x":3.7489190101623537,"y":10.954208374023438,"z":0.7634063959121704},"rotation":{"x":-0.12954580783843995,"y":0.013111161068081856,"z":-0.001893742592073977,"w":-0.991608202457428},"size":1.1445523500442505,"orthographic":false}