{"cameraMode":{"drawMode":0,"name":"Shaded","section":"Shading Mode"},"sceneLighting":true,"audioPlay":false,"sceneViewState":{"m_AlwaysRefresh":true,"showFog":true,"showSkybox":true,"showFlares":true,"showImageEffects":true,"showParticleSystems":true,"showVisualEffectGraphs":true,"m_FxEnabled":true},"in2DMode":false,"pivot":{"x":-0.5579013228416443,"y":49.79451370239258,"z":0.5293625593185425},"rotation":{"x":0.09216027706861496,"y":-0.7844929099082947,"z":0.11993096023797989,"w":0.6016525030136108},"size":0.8660253882408142,"orthographic":false}