{"cameraMode":{"drawMode":0,"name":"Shaded","section":"Shading Mode"},"sceneLighting":true,"audioPlay":false,"sceneViewState":{"showFog":true,"showMaterialUpdate":true,"showSkybox":true,"showFlares":true,"showImageEffects":true,"showParticleSystems":true,"showVisualEffectGraphs":true,"m_FxEnabled":true},"in2DMode":false,"pivot":{"x":18.455615997314454,"y":100.53813934326172,"z":1.2510710954666138},"rotation":{"x":0.027730822563171388,"y":-0.699486494064331,"z":0.003522049868479371,"w":-0.7159954309463501},"size":12.12435531616211,"orthographic":false}